2026,1,001,155.2,353.3,-0.01419407,-1.612761,0,0.017,0.001536543,0.183365,0,0.056,-0.01449439,-1.757918,0,0.032,-1.757918,2.197,0,13.51,6.123,2269,1824,9.55,0
2026,1,002,155.2,353.8,-0.01370429,-1.557111,0,0.018,0.001855557,0.2214348,0,0.009,-0.01384226,-1.678826,0,0.021,-1.678826,2.231,0,13.51,6.125,2269,1829,9.55,0
2026,1,003,155.2,354.4,-0.01331112,-1.512439,0,0.01,0.001379946,0.1646773,0,0.028,-0.01386437,-1.681507,0,0.019,-1.681507,2.233,0,13.51,6.128,2269,1834,9.55,0
2026,1,004,155.3,354.9,-0.01315754,-1.494988,0,0.01,0.001803007,0.2151637,0,0.013,-0.01384317,-1.678937,0,0.018,-1.678937,2.255,0,13.52,6.131,2269,1830,9.55,0
2026,1,005,155.3,355.5,-0.01330775,-1.512056,0,0.014,0.001815671,0.216675,0,0.023,-0.01391728,-1.687925,0,0.015,-1.687925,2.265,0,13.52,6.134,2269,1847,9.55,0
2026,1,006,155.3,356,-0.01350949,-1.534978,0,0.007,0.002452763,0.2927029,0,0.014,-0.01371543,-1.663443,0,0.011,-1.663443,2.289,0,13.51,6.138,2269,1834,9.55,0
2026,1,007,155.3,356.6,-0.01346633,-1.530074,0,0.008,0.002369857,0.2828093,0,0.014,-0.01407359,-1.706883,0,0.011,-1.706883,2.277,0,13.51,6.142,2269,1832,9.55,0
2026,1,008,155.3,357.1,-0.01349437,-1.53326,0,0.007,0.001938943,0.2313857,0,0.022,-0.0141101,-1.711311,0,0.014,-1.711311,2.283,0,13.52,6.146,2269,1831,9.55,0
2026,1,009,155.3,357.7,-0.01333801,-1.515493,0,0.013,0.002053941,0.2451091,0,0.034,-0.01410519,-1.710715,0,0.023,-1.710715,2.295,0,13.51,6.15,2269,1847,9.56,0
2026,1,010,155.3,358.2,-0.01318379,-1.497971,0,0.007,-0.000345239,-0.04119945,0.001,0.071,-0.01521434,-1.845236,0,0.037,-1.845236,2.199,0,13.52,6.155,2269,1832,9.56,0
2026,1,011,155.3,358.8,-0.01322435,-1.502579,0,0.008,-0.0006253608,-0.07462806,0,0.026,-0.01574323,-1.909381,0,0.012,-1.909381,2.165,0,13.53,6.159,2269,1835,9.56,0
2026,1,012,155.3,359.3,-0.01303709,-1.481302,0,0.01,0.0006092429,0.07270462,0,0.034,-0.01545593,-1.874537,0,0.014,-1.874537,2.178,0,13.51,6.164,2268,1837,9.56,0
2026,1,013,155.3,359.9,-0.01289336,-1.464971,0,0.009,0.001308124,0.1561063,0,0.038,-0.01483554,-1.799295,0,0.047,-1.799295,2.214,0,13.52,6.168,2269,1833,9.56,0
2026,1,014,155.3,0.425,-0.01293161,-1.469318,0,0.012,0.001767191,0.2108895,0,0.014,-0.01394879,-1.691747,0,0.031,-1.691747,2.258,0,13.51,6.172,2269,1826,9.56,0
2026,1,015,155.3,0.977,-0.01296208,-1.472779,0,0.01,0.002035054,0.2428552,0,0.027,-0.01340191,-1.625419,0,0.021,-1.625419,2.305,0,13.5,6.176,2268,1841,9.56,0
2026,1,016,155.3,1.528,-0.01275725,-1.449506,0,0.008,0.002990876,0.3569193,0,0.027,-0.01288136,-1.562286,0,0.016,-1.562286,2.358,0,13.51,6.181,2267,1835,9.56,0
2026,1,017,155.3,2.077,-0.01274769,-1.44842,0,0.01,0.001974476,0.235626,0,0.024,-0.01320424,-1.601446,0,0.016,-1.601446,2.358,0,13.5,6.186,2268,1831,9.56,0
2026,1,018,155.3,2.628,-0.0127492,-1.448592,0,0.011,0.002129178,0.2540877,0,0.017,-0.01320824,-1.60193,0,0.012,-1.60193,2.385,0,13.53,6.191,2267,1834,9.56,0
2026,1,019,155.3,3.18,-0.01266005,-1.438463,0,0.007,0.002842405,0.3392013,0,0.031,-0.01294447,-1.56994,0,0.023,-1.56994,2.413,0,13.52,6.197,2268,1835,9.56,0
2026,1,020,155.3,3.73,-0.0126005,-1.431696,0,0.008,0.003302625,0.3941221,0,0.011,-0.01263598,-1.532525,0,0.015,-1.532525,2.445,0,13.51,6.203,2268,1840,9.56,0
2026,1,021,155.3,4.279,-0.01265521,-1.437912,0,0.009,0.003448001,0.4114707,0,0.017,-0.01261839,-1.530393,0,0.014,-1.530393,2.47,0,13.52,6.209,2268,1834,9.56,0
2026,1,022,155.3,4.829,-0.01277678,-1.451726,0,0.007,0.003787307,0.4519622,0,0.034,-0.01242039,-1.506378,0,0.022,-1.506378,2.496,0,13.51,6.215,2269,1821,9.56,0
2026,1,023,155.3,5.378,-0.01260783,-1.432529,0,0.009,0.00420679,0.5020216,0,0.052,-0.01221141,-1.481033,0,0.022,-1.481033,2.537,0,13.5,6.222,2268,1830,9.56,0
2026,1,024,155.2,5.924,-0.01277704,-1.451755,0,0.015,0.002459964,0.2935623,0,0.036,-0.01281237,-1.553919,0,0.015,-1.553919,2.509,0,13.51,6.229,2268,1830,9.57,0
2026,1,025,155.2,6.471,-0.01312681,-1.491497,0,0.009,0.002696014,0.3217316,0,0.024,-0.01273673,-1.544744,0,0.023,-1.544744,2.538,0,13.53,6.235,2268,1839,9.57,0
2026,1,026,155.2,7.018,-0.01279204,-1.45346,0,0.018,0.003424394,0.4086535,0,0.04,-0.01232438,-1.494734,0,0.018,-1.494734,2.58,0,13.52,6.243,2268,1821,9.57,0
2026,1,027,155.2,7.564,-0.01238471,-1.407177,0,0.016,0.004155113,0.4958547,0,0.022,-0.01176719,-1.427157,0,0.027,-1.427157,2.619,0,13.51,6.25,2268,1837,9.57,0
2026,1,028,155.2,8.11,-0.01233691,-1.401747,0,0.012,0.003060258,0.365199,0,0.058,-0.01208575,-1.465792,0,0.042,-1.465792,2.601,0,13.52,6.258,2268,1821,9.57,0
2026,1,029,155.1,8.65,-0.01268528,-1.441329,0,0.021,0.002192831,0.2616838,0,0.021,-0.01308437,-1.586907,0,0.034,-1.586907,2.581,0,13.52,6.266,2268,1833,9.57,0
2026,1,030,155.1,9.2,-0.01338795,-1.521168,0,0.027,0.001953013,0.2330648,0,0.007,-0.01392359,-1.68869,0,0.035,-1.68869,2.519,0,13.51,6.275,2268,1839,9.57,0
2026,1,031,155.1,9.74,-0.01410244,-1.60235,0,0.022,0.001806575,0.2155894,0,0.017,-0.01459697,-1.770359,0,0.019,-1.770359,2.481,0,13.51,6.283,2268,1834,9.57,0
2026,1,032,155,10.28,-0.01410917,-1.603115,0,0.026,0.002078895,0.2480871,0,0.032,-0.01437225,-1.743105,0,0.027,-1.743105,2.479,0,13.51,6.291,2267,1833,9.57,0
2026,1,033,155,10.82,-0.01358042,-1.543036,0,0.01,0.002123043,0.2533555,0,0.023,-0.014048,-1.703779,0,0.012,-1.703779,2.453,0,13.51,6.3,2268,1834,9.57,0
2026,1,034,155,11.36,-0.0135575,-1.540433,0,0.009,0.00164995,0.1968985,0,0.017,-0.01418369,-1.720236,0,0.015,-1.720236,2.446,0,13.52,6.308,2267,1831,9.57,0
2026,1,035,154.9,11.9,-0.01353879,-1.538307,0,0.01,0.002345383,0.2798887,0,0.032,-0.01400881,-1.699026,0,0.015,-1.699026,2.487,0,13.51,6.317,2267,1828,9.57,0
2026,1,036,154.9,12.43,-0.01338747,-1.521113,0,0.014,0.002383631,0.2844531,0,0.02,-0.01377112,-1.670198,0,0.011,-1.670198,2.517,0,13.53,6.326,2267,1835,9.57,0
2026,1,037,154.9,12.97,-0.01292514,-1.468583,0,0.018,0.003256244,0.3885873,0,0.022,-0.01327104,-1.609548,0,0.036,-1.609548,2.573,0,13.53,6.335,2267,1839,9.57,0
2026,1,038,154.8,13.5,-0.01249027,-1.419172,0,0.01,0.003027595,0.3613011,0,0.034,-0.01272314,-1.543096,0,0.013,-1.543096,2.59,0,13.52,6.343,2267,1836,9.58,0
2026,1,039,154.8,14.03,-0.01262371,-1.434333,0,0.016,0.001874315,0.2236733,0,0.028,-0.01323501,-1.605178,0,0.014,-1.605178,2.582,0,13.52,6.352,2267,1829,9.58,0
2026,1,040,154.8,14.57,-0.01255863,-1.426939,0,0.011,0.003399263,0.4056545,0,0.039,-0.01269361,-1.539515,0,0.038,-1.539515,2.639,0,13.51,6.361,2267,1834,9.58,0
2026,1,041,154.7,15.09,-0.01226692,-1.393794,0,0.011,0.003550958,0.4237572,0,0.03,-0.01197473,-1.452327,0,0.033,-1.452327,2.655,0,13.52,6.37,2267,1842,9.58,0
2026,1,042,154.7,15.62,-0.01241434,-1.410545,0,0.027,0.002358326,0.2814332,0.001,0.083,-0.01249522,-1.515453,0,0.053,-1.515453,2.583,0,13.5,6.379,2268,1833,9.58,0
2026,1,043,154.6,16.15,-0.01352835,-1.53712,0,0.046,0.0006403032,0.07641123,0,0.039,-0.01440255,-1.74678,0.001,0.069,-1.74678,2.428,0,13.5,6.388,2267,1837,9.58,0
2026,1,044,154.6,16.67,-0.01477741,-1.679042,0,0.034,0.0001102277,0.01315413,0,0.014,-0.01599619,-1.94006,0,0.044,-1.94006,2.362,0,13.5,6.397,2267,1828,9.58,0
2026,1,045,154.5,17.2,-0.0154293,-1.753111,0,0.013,0.0001295061,0.01545474,0,0.011,-0.01661167,-2.014708,0,0.013,-2.014708,2.336,0,13.51,6.404,2267,1840,9.58,0
2026,1,046,154.5,17.72,-0.01569989,-1.783855,0,0.009,0.0003095058,0.0369352,0,0.009,-0.01672813,-2.028833,0,0.012,-2.028833,2.308,0,13.5,6.411,2267,1855,9.58,0
2026,1,047,154.4,18.24,-0.01578543,-1.793575,0,0.008,-0.0002941019,-0.03509695,0,0.032,-0.01680428,-2.038068,0,0.01,-2.038068,2.256,0,13.51,6.418,2267,1853,9.58,0
2026,1,048,154.4,18.76,-0.01587288,-1.803511,0,0.012,-0.0004300793,-0.05132395,0,0.015,-0.01669125,-2.024359,0,0.016,-2.024359,2.248,0,13.51,6.425,2267,1832,9.58,0
2026,1,049,154.3,19.27,-0.01557244,-1.769374,0,0.016,0.0002606513,0.03110509,0,0.044,-0.01606722,-1.948676,0,0.045,-1.948676,2.288,0,13.51,6.431,2267,1820,9.58,0
2026,1,050,154.3,19.79,-0.01472551,-1.673144,0,0.04,0.001802381,0.2150889,0,0.038,-0.01429087,-1.733235,0.001,0.071,-1.733235,2.362,0,13.51,6.437,2267,1829,9.58,0
2026,1,051,154.2,20.3,-0.01372487,-1.559449,0,0.027,0.001896124,0.2262759,0,0.012,-0.01309028,-1.587624,0,0.02,-1.587624,2.407,0,13.51,6.443,2267,1831,9.58,0
2026,1,052,154.1,20.81,-0.01304695,-1.482422,0,0.027,0.002101361,0.2507681,0,0.046,-0.01209754,-1.467222,0,0.047,-1.467222,2.468,0,13.52,6.448,2265,1832,9.59,0
2026,1,053,154.1,21.32,-0.01239455,-1.408296,0,0.011,0.002440987,0.2912977,0,0.02,-0.01132244,-1.373216,0,0.015,-1.373216,2.509,0,13.51,6.454,2267,1841,9.59,0
2026,1,054,154,21.82,-0.01239923,-1.408828,0,0.009,0.001772222,0.2114899,0,0.025,-0.01183643,-1.435554,0,0.041,-1.435554,2.496,0,13.51,6.46,2266,1834,9.59,0
2026,1,055,154,22.33,-0.0127088,-1.444002,0,0.019,0.001032313,0.1231921,0,0.021,-0.01299372,-1.575914,0,0.031,-1.575914,2.434,0,13.51,6.466,2266,1832,9.59,0
2026,1,056,153.9,22.83,-0.01299398,-1.476404,0,0.007,0.00114809,0.1370084,0,0.011,-0.01316973,-1.59726,0,0.011,-1.59726,2.442,0,13.51,6.471,2266,1834,9.59,0
2026,1,057,153.8,23.33,-0.01302658,-1.480108,0,0.013,0.0007100517,0.08473475,0,0.049,-0.01370134,-1.661735,0,0.031,-1.661735,2.434,0,13.51,6.477,2266,1833,9.59,0
2026,1,058,153.8,23.83,-0.01334752,-1.516574,0,0.016,0.0002616344,0.03122241,0,0.012,-0.01447068,-1.755043,0,0.037,-1.755043,2.388,0,13.53,6.482,2266,1840,9.59,0
2026,1,059,153.7,24.32,-0.01373373,-1.560457,0,0.009,-0.0001306508,-0.01559134,0,0.019,-0.01502931,-1.822796,0,0.017,-1.822796,2.394,0,13.51,6.487,2265,1836,9.59,0
2026,1,100,153.6,24.82,-0.0135699,-1.541841,0,0.009,8.020226E-05,0.009571019,0,0.015,-0.01464422,-1.77609,0,0.017,-1.77609,2.408,0,13.51,6.492,2265,1834,9.59,0
2026,1,101,153.5,25.31,-0.01346672,-1.530118,0,0.008,0.0001052843,0.01256421,0,0.017,-0.01404746,-1.703714,0,0.024,-1.703714,2.42,0,13.51,6.497,2265,1859,9.59,0
2026,1,102,153.5,25.8,-0.01342568,-1.525455,0,0.008,0.0002059319,0.02457509,0,0.01,-0.01384148,-1.678732,0,0.012,-1.678732,2.409,0,13.5,6.501,2265,1844,9.59,0
2026,1,103,153.4,26.29,-0.01349033,-1.532801,0,0.006,-0.0001471227,-0.01755703,0,0.021,-0.01399856,-1.697782,0,0.015,-1.697782,2.396,0,13.51,6.506,2265,1844,9.59,0
2026,1,104,153.3,26.77,-0.01346053,-1.529414,0,0.012,2.748794E-05,0.003280301,0,0.015,-0.01387789,-1.683148,0,0.012,-1.683148,2.404,0,13.51,6.51,2265,1826,9.59,0
2026,1,105,153.2,27.25,-0.01332225,-1.513703,0,0.01,0.0002024605,0.02416084,0,0.008,-0.01384742,-1.679452,0,0.012,-1.679452,2.414,0,13.52,6.514,2265,1841,9.59,0
2026,1,106,153.2,27.73,-0.01311442,-1.490089,0,0.007,0.000104814,0.01250809,0,0.02,-0.01372005,-1.664005,0,0.014,-1.664005,2.421,0,13.52,6.518,2265,1861,9.59,0
2026,1,107,153.1,28.21,-0.01333388,-1.515025,0,0.021,-0.0002247422,-0.02681984,0,0.013,-0.01398686,-1.696363,0,0.013,-1.696363,2.383,0,13.52,6.522,2264,1826,9.6,0
2026,1,108,153,28.69,-0.0136631,-1.552431,0,0.013,0.0004730614,0.05645325,0.001,0.068,-0.01352088,-1.639848,0,0.045,-1.639848,2.414,0,13.51,6.525,2265,1831,9.6,0
2026,1,109,152.9,29.16,-0.01318728,-1.498367,0,0.022,0.00174959,0.2087891,0,0.014,-0.0125494,-1.522025,0,0.043,-1.522025,2.478,0,13.51,6.529,2265,1829,9.6,0
2026,1,110,152.8,29.63,-0.01271244,-1.444414,0,0.01,0.001534014,0.1830631,0,0.05,-0.01205687,-1.462289,0,0.021,-1.462289,2.474,0,13.52,6.532,2263,1827,9.6,0
2026,1,111,152.8,30.1,-0.01345769,-1.529092,0,0.03,0.0003761262,0.0448854,0,0.032,-0.01270434,-1.540816,0,0.013,-1.540816,2.431,0,13.51,6.534,2265,1865,9.6,0
2026,1,112,152.7,30.57,-0.01398852,-1.589406,0,0.011,0.0006670039,0.07959758,0,0.011,-0.01291643,-1.56654,0,0.018,-1.56654,2.423,0,13.52,6.538,2266,1830,9.6,0
2026,1,113,152.6,31.03,-0.01436544,-1.632232,0,0.012,0.0003269924,0.03902197,0,0.018,-0.01336493,-1.620934,0,0.018,-1.620934,2.418,0,13.52,6.54,2265,1843,9.6,0
2026,1,114,152.5,31.49,-0.01442916,-1.639473,0,0.008,0.0008209114,0.09796429,0,0.012,-0.01356406,-1.645086,0,0.023,-1.645086,2.431,0,13.51,6.542,2266,1839,9.6,0
2026,1,115,152.4,31.96,-0.01462607,-1.661846,0,0.011,0.0002643605,0.03154773,0,0.014,-0.01423865,-1.726902,0,0.026,-1.726902,2.397,0,13.51,6.543,2266,1839,9.6,0
2026,1,116,152.3,32.41,-0.01481457,-1.683263,0,0.01,0.0001398629,0.01669068,0,0.008,-0.01461399,-1.772424,0,0.009,-1.772424,2.395,0,13.5,6.544,2265,1842,9.6,0
2026,1,117,152.2,32.87,-0.01460148,-1.659052,0,0.011,0.0001778865,0.02122827,0,0.016,-0.01451383,-1.760277,0,0.02,-1.760277,2.422,0,13.51,6.546,2266,1835,9.6,0
2026,1,118,152.1,33.32,-0.01421009,-1.614581,0,0.013,0.0005666105,0.06761704,0,0.012,-0.01409288,-1.709222,0,0.022,-1.709222,2.435,0,13.51,6.547,2264,1836,9.6,0
2026,1,119,152,33.77,-0.01420468,-1.613967,0,0.014,-0.000299378,-0.03572657,0,0.036,-0.01479051,-1.793833,0,0.02,-1.793833,2.385,0,13.51,6.547,2266,1850,9.6,0
2026,1,120,152,34.22,-0.01442254,-1.63872,0,0.015,-0.000629461,-0.07511737,0,0.036,-0.01513587,-1.835719,0,0.019,-1.835719,2.36,0,13.5,6.547,2265,1851,9.6,0
2026,1,121,151.9,34.66,-0.01445623,-1.642548,0,0.009,-0.0001428855,-0.01705139,0,0.025,-0.01496711,-1.815252,0,0.023,-1.815252,2.364,0,13.51,6.546,2265,1839,9.61,0
2026,1,122,151.8,35.1,-0.01460403,-1.659342,0,0.013,-0.00114575,-0.1367292,0,0.03,-0.01556132,-1.887319,0,0.02,-1.887319,2.31,0,13.51,6.546,2266,1848,9.61,0
2026,1,123,151.7,35.54,-0.01480342,-1.681997,0,0.009,-0.00101853,-0.1215473,0,0.025,-0.01543534,-1.87204,0,0.018,-1.87204,2.303,0,13.51,6.545,2265,1834,9.61,0
2026,1,124,151.6,35.98,-0.01488145,-1.690863,0,0.009,-0.0009519121,-0.1135974,0,0.014,-0.01536421,-1.863413,0,0.013,-1.863413,2.293,0,13.52,6.543,2265,1831,9.61,0
2026,1,125,151.5,36.42,-0.01481568,-1.68339,0,0.008,-0.001070959,-0.127804,0,0.007,-0.0155719,-1.888602,0,0.011,-1.888602,2.277,0,13.52,6.541,2265,1844,9.61,0
2026,1,126,151.4,36.85,-0.01467023,-1.666863,0,0.013,-0.0008437785,-0.1006932,0,0.022,-0.01524811,-1.849332,0,0.027,-1.849332,2.284,0,13.51,6.539,2266,1839,9.61,0
2026,1,127,151.3,37.28,-0.01449617,-1.647086,0,0.009,-0.0008514208,-0.1016052,0,0.032,-0.01500699,-1.820088,0,0.018,-1.820088,2.257,0,13.51,6.537,2266,1828,9.61,0
2026,1,128,151.2,37.71,-0.01464434,-1.663922,0,0.008,-0.00120462,-0.1437546,0,0.01,-0.01532322,-1.858442,0,0.017,-1.858442,2.232,0,13.5,6.534,2266,1839,9.61,0
2026,1,129,151.1,38.13,-0.01465438,-1.665063,0,0.008,-0.001408572,-0.1680934,0,0.021,-0.01548725,-1.878335,0,0.016,-1.878335,2.229,0,13.51,6.53,2267,1839,9.61,0
2026,1,130,151,38.55,-0.01459287,-1.658074,0,0.009,-0.0008965752,-0.1069937,0,0.016,-0.0151658,-1.839349,0,0.016,-1.839349,2.227,0,13.5,6.526,2266,1832,9.61,0
2026,1,131,150.8,38.98,-0.01446022,-1.643001,0,0.009,-0.001689514,-0.2016199,0,0.022,-0.01509892,-1.831238,0,0.025,-1.831238,2.196,0,13.5,6.521,2267,1843,9.61,0
2026,1,132,150.7,39.39,-0.01448198,-1.645474,0,0.007,-0.0008733523,-0.1042224,0,0.033,-0.0144935,-1.757811,0,0.017,-1.757811,2.21,0,13.51,6.516,2266,1831,9.61,0
2026,1,133,150.6,39.81,-0.01477066,-1.678274,0,0.014,-0.001136744,-0.1356545,0,0.012,-0.01439912,-1.746364,0,0.015,-1.746364,2.188,0,13.51,6.511,2267,1832,9.61,0
2026,1,134,150.5,40.22,-0.0148317,-1.68521,0,0.014,-0.00100114,-0.1194721,0,0.019,-0.01439091,-1.745369,0,0.025,-1.745369,2.203,0,13.5,6.505,2266,1842,9.61,0
2026,1,135,150.4,40.63,-0.01475834,-1.676875,0,0.016,-0.002577205,-0.3075534,0.001,0.083,-0.01551157,-1.881285,0,0.043,-1.881285,2.087,0,13.51,6.499,2266,1828,9.61,0
2026,1,136,150.3,41.04,-0.01494131,-1.697664,0,0.011,-0.00368472,-0.4397198,0,0.041,-0.0161518,-1.958934,0,0.022,-1.958934,2.004,0,13.51,6.493,2267,1847,9.62,0
2026,1,137,150.2,41.45,-0.01497856,-1.701897,0,0.007,-0.004007021,-0.478182,0,0.02,-0.01618837,-1.963369,0,0.016,-1.963369,1.958,0,13.53,6.486,2266,1843,9.62,0
2026,1,138,150.1,41.85,-0.01476772,-1.677941,0,0.01,-0.003270923,-0.3903389,0,0.021,-0.01588403,-1.926458,0,0.012,-1.926458,1.937,0,13.53,6.479,2267,1837,9.62,0
2026,1,139,150,42.25,-0.01454186,-1.652277,0,0.009,-0.002840799,-0.3390096,0,0.014,-0.01559486,-1.891387,0,0.014,-1.891387,1.925,0,13.52,6.472,2267,1833,9.62,0
2026,1,140,149.9,42.65,-0.01451724,-1.649481,0,0.007,-0.002603638,-0.3107077,0,0.016,-0.01522953,-1.847078,0,0.015,-1.847078,1.914,0,13.51,6.464,2267,1827,9.62,0
2026,1,141,149.7,43.05,-0.01442389,-1.638873,0,0.008,-0.002128263,-0.2539785,0,0.012,-0.014777,-1.792194,0,0.011,-1.792194,1.929,0,13.51,6.456,2266,1844,9.62,0
2026,1,142,149.6,43.44,-0.01434886,-1.630348,0,0.007,-0.002157618,-0.2574815,0,0.019,-0.01466429,-1.778525,0,0.014,-1.778525,1.911,0,13.51,6.448,2267,1847,9.62,0
2026,1,143,149.5,43.83,-0.01423938,-1.617909,0,0.01,-0.001552131,-0.1852251,0,0.013,-0.01448556,-1.756847,0,0.012,-1.756847,1.915,0,13.51,6.44,2266,1815,9.62,0
2026,1,144,149.4,44.22,-0.01422202,-1.615937,0,0.009,-0.00101068,-0.1206106,0,0.029,-0.01424064,-1.727143,0,0.012,-1.727143,1.939,0,13.51,6.432,2267,1825,9.62,0
2026,1,145,149.3,44.61,-0.01435823,-1.631413,0,0.021,-0.001441104,-0.1719756,0,0.042,-0.01474885,-1.78878,0,0.032,-1.78878,1.897,0,13.51,6.424,2268,1851,9.62,0
2026,1,146,149.2,45,-0.01489021,-1.691858,0,0.01,-0.001598927,-0.1908096,0,0.01,-0.01535368,-1.862135,0,0.021,-1.862135,1.888,0,13.51,6.416,2266,1835,9.62,0
2026,1,147,149,45.38,-0.01487109,-1.689686,0,0.011,-0.001994102,-0.2379682,0,0.014,-0.01555269,-1.886272,0,0.011,-1.886272,1.864,0,13.51,6.409,2267,1840,9.62,0
2026,1,148,148.9,45.76,-0.01475897,-1.676946,0,0.009,-0.001513949,-0.1806686,0,0.026,-0.01526925,-1.851896,0,0.015,-1.851896,1.886,0,13.51,6.401,2268,1825,9.62,0
2026,1,149,148.8,46.14,-0.01458255,-1.656901,0,0.011,-0.001452173,-0.1732965,0,0.015,-0.01501975,-1.821635,0,0.009,-1.821635,1.874,0,13.5,6.393,2267,1833,9.62,0
2026,1,150,148.7,46.52,-0.01445758,-1.642702,0,0.011,-0.001171914,-0.1398516,0,0.046,-0.01465601,-1.77752,0,0.026,-1.77752,1.895,0,13.52,6.385,2267,1835,9.63,0
2026,1,151,148.6,46.89,-0.01417679,-1.610797,0,0.01,-0.0004298138,-0.05129226,0,0.009,-0.01416403,-1.717852,0,0.011,-1.717852,1.914,0,13.5,6.376,2267,1827,9.63,0
2026,1,152,148.4,47.26,-0.01432211,-1.627309,0,0.011,-0.0004385813,-0.05233855,0,0.007,-0.01402721,-1.701258,0,0.012,-1.701258,1.925,0,13.5,6.368,2268,1835,9.63,0
2026,1,153,148.3,47.63,-0.01447168,-1.644304,0,0.011,-0.000368489,-0.04397401,0,0.008,-0.01398655,-1.696326,0,0.011,-1.696326,1.939,0,13.5,6.36,2269,1841,9.63,0
2026,1,154,148.2,48,-0.01467148,-1.667006,0,0.009,-0.000395815,-0.04723499,0,0.014,-0.01404184,-1.703032,0,0.016,-1.703032,1.934,0,13.5,6.351,2269,1817,9.63,0
2026,1,155,148.1,48.36,-0.01493916,-1.69742,0,0.015,-0.001068393,-0.1274978,0,0.026,-0.01456772,-1.766812,0,0.026,-1.766812,1.887,0,13.5,6.342,2269,1830,9.63,0
2026,1,156,147.9,48.73,-0.01548075,-1.758956,0,0.026,-0.001458781,-0.1740851,0,0.015,-0.01530108,-1.855755,0,0.021,-1.855755,1.849,0,13.52,6.334,2270,1840,9.63,0
2026,1,157,147.8,49.09,-0.01571473,-1.785541,0,0.013,-0.0007603967,-0.09074271,0,0.053,-0.01504365,-1.824535,0,0.029,-1.824535,1.887,0,13.51,6.326,2270,1821,9.63,0
2026,1,158,147.7,49.45,-0.01519378,-1.72635,0,0.013,0.0003511465,0.04190443,0,0.036,-0.01417588,-1.719288,0,0.025,-1.719288,1.948,0,13.51,6.318,2270,1837,9.63,0
2026,1,159,147.5,49.8,-0.01523912,-1.731502,0,0.017,0.000231298,0.02760218,0,0.033,-0.0145558,-1.765366,0,0.032,-1.765366,1.963,0,13.49,6.309,2270,1816,9.63,0
2026,1,200,147.4,50.16,-0.01551226,-1.762537,0,0.008,-0.0003724224,-0.04444341,0,0.025,-0.01484588,-1.800548,0,0.015,-1.800548,1.976,0,13.5,6.302,2270,1843,9.63,0
2026,1,201,147.3,50.51,-0.01538878,-1.748507,0,0.015,0.0008465449,0.1010233,0,0.058,-0.01427451,-1.731251,0,0.034,-1.731251,2.031,0,13.5,6.295,2270,1824,9.63,0
2026,1,202,147.2,50.86,-0.01523769,-1.73134,0,0.01,0.0009769654,0.1165872,0,0.029,-0.01401676,-1.699991,0,0.028,-1.699991,2.026,0,13.5,6.288,2271,1833,9.63,0
2026,1,203,147,51.21,-0.01519581,-1.726581,0,0.011,0.002181945,0.2603847,0,0.058,-0.01339854,-1.625011,0,0.017,-1.625011,2.117,0,13.5,6.281,2270,1828,9.63,0
2026,1,204,146.9,51.55,-0.01517604,-1.724334,0,0.011,0.002199162,0.2624393,0.001,0.068,-0.0136088,-1.650512,0,0.031,-1.650512,2.098,0,13.5,6.276,2270,1835,9.64,0
2026,1,205,146.8,51.9,-0.01550983,-1.762261,0,0.008,0.001208259,0.1441888,0,0.016,-0.01415631,-1.716915,0,0.013,-1.716915,2.085,0,13.49,6.27,2270,1822,9.64,0
2026,1,206,146.6,52.24,-0.01530887,-1.739427,0,0.011,0.00111341,0.1328699,0,0.033,-0.01445685,-1.753366,0,0.018,-1.753366,2.108,0,13.49,6.265,2270,1823,9.64,0
2026,1,207,146.5,52.58,-0.01519229,-1.726181,0,0.007,0.001670915,0.1994003,0,0.049,-0.01436368,-1.742066,0,0.023,-1.742066,2.133,0,13.5,6.26,2272,1834,9.64,0
2026,1,208,146.4,52.92,-0.01561513,-1.774224,0,0.017,0.0005846118,0.06976524,0,0.022,-0.01474552,-1.788377,0,0.014,-1.788377,2.079,0,13.49,6.254,2271,1851,9.64,0
2026,1,209,146.2,53.25,-0.01592038,-1.808908,0,0.013,0.000399596,0.04768619,0,0.019,-0.01489564,-1.806583,0,0.015,-1.806583,2.067,0,13.52,6.251,2272,1825,9.64,0
2026,1,210,146.1,53.59,-0.01570693,-1.784655,0,0.03,0.001864315,0.2224799,0,0.054,-0.01384545,-1.679214,0,0.059,-1.679214,2.177,0,13.5,6.246,2270,1829,9.64,0
2026,1,211,146,53.92,-0.01477834,-1.679147,0,0.028,0.003428546,0.409149,0.001,0.06,-0.01216269,-1.475124,0,0.042,-1.475124,2.322,0,13.51,6.243,2270,1828,9.64,0
2026,1,212,145.8,54.25,-0.01441584,-1.637959,0,0.018,0.003289129,0.3925115,0.001,0.131,-0.01249847,-1.515848,0.001,0.076,-1.515848,2.31,0,13.5,6.239,2271,1825,9.64,0
2026,1,213,145.7,54.58,-0.01557526,-1.769695,0,0.045,0.0001028053,0.01226837,0,0.047,-0.01487087,-1.803579,0.001,0.075,-1.803579,2.205,0,13.52,6.236,2271,1834,9.64,0
2026,1,214,145.5,54.91,-0.01594668,-1.811897,0,0.014,0.0009347694,0.1115517,0,0.059,-0.01528083,-1.8533,0,0.02,-1.8533,2.244,0,13.51,6.233,2270,1841,9.64,0
2026,1,215,145.4,55.23,-0.0155338,-1.764984,0,0.011,0.001628193,0.1943021,0,0.03,-0.01482048,-1.797468,0,0.032,-1.797468,2.298,0,13.5,6.232,2271,1832,9.64,0
2026,1,216,145.3,55.56,-0.01505791,-1.710913,0,0.013,0.0020469,0.2442689,0,0.026,-0.01416042,-1.717414,0,0.022,-1.717414,2.309,0,13.5,6.23,2271,1815,9.64,0
2026,1,217,145.1,55.88,-0.01477374,-1.678625,0,0.015,0.002278452,0.2719013,0,0.041,-0.01355446,-1.643921,0,0.039,-1.643921,2.357,0,13.51,6.228,2271,1822,9.64,0
2026,1,218,145,56.2,-0.01446489,-1.643533,0,0.007,0.002722501,0.3248924,0,0.037,-0.01288786,-1.563074,0,0.016,-1.563074,2.428,0,13.5,6.228,2270,1838,9.64,0
2026,1,219,144.9,56.51,-0.01484196,-1.686375,0,0.029,0.001325308,0.158157,0.001,0.076,-0.01397161,-1.694515,0.001,0.082,-1.694515,2.337,0,13.51,6.228,2271,1826,9.65,0
2026,1,220,144.7,56.83,-0.01595317,-1.812634,0,0.043,-0.0007795428,-0.09302752,0.001,0.079,-0.01601676,-1.942555,0.001,0.066,-1.942555,2.222,0,13.51,6.228,2271,1826,9.65,0
2026,1,221,144.6,57.14,-0.01685251,-1.914819,0,0.02,-0.001393698,-0.1663184,0,0.016,-0.01733003,-2.101833,0,0.03,-2.101833,2.175,0,13.51,6.229,2270,1830,9.65,0
2026,1,222,144.4,57.46,-0.0172153,-1.956039,0,0.007,-0.001051209,-0.1254471,0,0.012,-0.01769241,-2.145782,0,0.013,-2.145782,2.123,0,13.52,6.23,2270,1839,9.65,0
2026,1,223,144.3,57.76,-0.01722547,-1.957195,0,0.011,-0.0007088507,-0.08459142,0,0.02,-0.0174929,-2.121586,0,0.019,-2.121586,2.102,0,13.5,6.231,2271,1833,9.65,0
2026,1,224,144.1,58.07,-0.01700249,-1.93186,0,0.011,-0.0005280168,-0.06301143,0,0.013,-0.01686687,-2.04566,0,0.016,-2.04566,2.102,0,13.51,6.232,2271,1817,9.65,0
2026,1,225,144,58.38,-0.01690564,-1.920856,0,0.015,-0.001344967,-0.160503,0.001,0.077,-0.01710413,-2.074435,0,0.031,-2.074435,2.013,0,13.5,6.233,2272,1827,9.65,0
2026,1,226,143.9,58.69,-0.01701344,-1.933104,0,0.012,-0.00178521,-0.2130399,0,0.031,-0.01734073,-2.103131,0,0.014,-2.103131,1.973,0,13.5,6.232,2271,1848,9.65,0
2026,1,227,143.7,58.99,-0.01665129,-1.891956,0,0.011,-0.001448482,-0.1728561,0,0.01,-0.01740279,-2.110658,0,0.011,-2.110658,1.969,0,13.5,6.233,2271,1846,9.65,0
2026,1,228,143.6,59.29,-0.01625102,-1.846476,0,0.028,-0.0006561343,-0.07830046,0,0.059,-0.01636556,-1.98486,0.001,0.071,-1.98486,2.015,0,13.51,6.233,2272,1841,9.65,0
2026,1,229,143.4,59.59,-0.0149932,-1.70356,0,0.045,0.001302121,0.1553899,0.001,0.073,-0.01437167,-1.743035,0.001,0.062,-1.743035,2.126,0,13.5,6.233,2272,1831,9.65,0
2026,1,230,143.3,59.89,-0.01396435,-1.58666,0,0.024,0.002482415,0.2962416,0,0.023,-0.01306826,-1.584953,0,0.045,-1.584953,2.248,0,13.51,6.233,2271,1827,9.65,0
2026,1,231,143.1,60.19,-0.01358033,-1.543026,0,0.008,0.002298261,0.2742653,0.001,0.067,-0.01276622,-1.548321,0,0.027,-1.548321,2.25,0,13.5,6.233,2271,1837,9.65,0
2026,1,232,143,60.48,-0.01388801,-1.577986,0,0.009,0.002070261,0.2470567,0.001,0.083,-0.01277857,-1.54982,0,0.031,-1.54982,2.332,0,13.5,6.234,2271,1828,9.65,0
2026,1,233,142.8,60.78,-0.01399568,-1.590219,0,0.025,0.001740184,0.2076666,0.001,0.095,-0.01322617,-1.604105,0,0.046,-1.604105,2.279,0,13.51,6.235,2272,1841,9.66,0
2026,1,234,142.7,61.07,-0.01516005,-1.722518,0,0.043,-0.0004019542,-0.04796762,0,0.039,-0.01471049,-1.784127,0,0.049,-1.784127,2.139,0,13.5,6.236,2271,1828,9.66,0
2026,1,235,142.5,61.36,-0.01586501,-1.802617,0,0.008,-0.0003372948,-0.04025142,0,0.017,-0.01541048,-1.869025,0,0.015,-1.869025,2.12,0,13.5,6.236,2271,1838,9.66,0
2026,1,236,142.4,61.65,-0.01574634,-1.789134,0,0.021,0.0002175768,0.02596474,0,0.056,-0.01527422,-1.852499,0,0.024,-1.852499,2.152,0,13.51,6.237,2272,1835,9.66,0
2026,1,237,142.2,61.94,-0.01528162,-1.736331,0,0.013,0.0008766349,0.1046141,0,0.027,-0.01503438,-1.82341,0,0.028,-1.82341,2.207,0,13.52,6.238,2271,1835,9.66,0
2026,1,238,142.1,62.22,-0.01475255,-1.676216,0,0.024,0.001567839,0.1870997,0,0.038,-0.01417219,-1.718841,0,0.016,-1.718841,2.289,0,13.5,6.238,2270,1845,9.66,0
2026,1,239,141.9,62.51,-0.01467723,-1.667659,0,0.023,0.0004654714,0.0555475,0,0.048,-0.01472714,-1.786147,0,0.05,-1.786147,2.21,0,13.51,6.24,2271,1831,9.66,0
2026,1,240,141.8,62.79,-0.01583097,-1.798749,0,0.049,-0.001130608,-0.1349223,0,0.05,-0.01633939,-1.981685,0,0.061,-1.981685,2.088,0,13.5,6.241,2271,1833,9.66,0
2026,1,241,141.6,63.07,-0.01695088,-1.925996,0,0.02,-0.001279408,-0.1526795,0,0.047,-0.01706036,-2.069126,0,0.022,-2.069126,2.068,0,13.51,6.242,2272,1841,9.66,0
2026,1,242,141.5,63.35,-0.01696257,-1.927324,0,0.017,-0.0002124576,-0.02535384,0,0.026,-0.01629225,-1.975968,0,0.036,-1.975968,2.077,0,13.5,6.244,2272,1840,9.66,0
2026,1,243,141.3,63.63,-0.01606778,-1.825656,0,0.037,0.000841641,0.1004381,0,0.044,-0.0152019,-1.843728,0,0.039,-1.843728,2.138,0,13.49,6.245,2271,1823,9.66,0
2026,1,244,141.2,63.91,-0.01511426,-1.717315,0,0.032,0.00160093,0.1910486,0,0.013,-0.01418133,-1.71995,0,0.025,-1.71995,2.212,0,13.51,6.246,2272,1836,9.66,0
2026,1,245,141,64.18,-0.01445676,-1.642609,0,0.014,0.001194692,0.1425698,0,0.013,-0.01393108,-1.689599,0,0.012,-1.689599,2.238,0,13.5,6.247,2271,1831,9.66,0
2026,1,246,140.9,64.46,-0.01413018,-1.605502,0,0.01,0.001085355,0.1295219,0,0.015,-0.01392257,-1.688567,0,0.013,-1.688567,2.263,0,13.51,6.25,2272,1832,9.66,0
2026,1,247,140.7,64.73,-0.01385657,-1.574413,0,0.01,0.0005924479,0.07070037,0.001,0.091,-0.01407335,-1.706853,0,0.036,-1.706853,2.293,0,13.51,6.251,2271,1840,9.66,0
2026,1,248,140.6,65.01,-0.01393958,-1.583845,0,0.009,-0.001412392,-0.1685492,0,0.053,-0.01483644,-1.799403,0,0.016,-1.799403,2.27,0,13.52,6.253,2272,1846,9.67,0
2026,1,249,140.4,65.28,-0.01392554,-1.58225,0,0.009,0.0005361913,0.06398693,0,0.052,-0.01427064,-1.730782,0,0.024,-1.730782,2.281,0,13.51,6.256,2271,1843,9.67,0
2026,1,250,140.3,65.55,-0.01403607,-1.594808,0,0.015,0.0006105374,0.07285909,0,0.034,-0.01428405,-1.732408,0,0.021,-1.732408,2.2,0,13.5,6.259,2271,1832,9.67,0
2026,1,251,140.1,65.81,-0.01449833,-1.647332,0,0.016,6.0865E-05,0.007263386,0,0.023,-0.01492113,-1.809674,0,0.034,-1.809674,2.125,0,13.51,6.261,2271,1818,9.67,0
2026,1,252,140,66.08,-0.01487453,-1.690076,0,0.012,-0.0001988343,-0.02372809,0,0.01,-0.01563252,-1.895954,0,0.024,-1.895954,2.071,0,13.51,6.264,2272,1836,9.67,0
2026,1,253,139.8,66.35,-0.01505083,-1.710108,0,0.009,-0.000336677,-0.04017769,0,0.009,-0.016122,-1.95532,0,0.015,-1.95532,2.044,0,13.51,6.266,2271,1835,9.67,0
2026,1,254,139.7,66.61,-0.01505171,-1.710208,0,0.011,-0.0001249277,-0.01490837,0,0.016,-0.01598253,-1.938404,0,0.014,-1.938404,2.043,0,13.49,6.267,2271,1829,9.67,0
2026,1,255,139.5,66.87,-0.01485631,-1.688006,0,0.009,-3.212192E-06,-0.0003833302,0,0.011,-0.01572369,-1.907011,0,0.019,-1.907011,2.056,0,13.51,6.268,2272,1832,9.67,0
2026,1,256,139.4,67.13,-0.01483388,-1.685457,0,0.015,-0.0001176732,-0.01404265,0,0.044,-0.01560924,-1.893131,0,0.02,-1.893131,2.048,0,13.49,6.268,2272,1832,9.67,0
2026,1,257,139.2,67.39,-0.01544898,-1.755346,0,0.017,-0.0005416835,-0.06464235,0,0.029,-0.01565876,-1.899137,0,0.014,-1.899137,2.035,0,13.49,6.269,2272,1842,9.67,0
2026,1,258,139,67.65,-0.01583151,-1.79881,0,0.014,-0.0001238778,-0.01478309,0,0.021,-0.01539806,-1.867518,0,0.018,-1.867518,2.04,0,13.52,6.269,2273,1834,9.67,0
2026,1,259,138.9,67.91,-0.01582397,-1.797954,0,0.013,0.0006682543,0.07974681,0,0.025,-0.01489262,-1.806216,0,0.017,-1.806216,2.088,0,13.51,6.269,2273,1838,9.67,0
2026,1,300,138.7,68.17,-0.01535166,-1.744289,0,0.029,0.001331529,0.1588994,0.001,0.063,-0.01402417,-1.700889,0,0.051,-1.700889,2.159,0,13.51,6.268,2273,1841,9.67,0
2026,1,301,138.6,68.42,-0.01463692,-1.663078,0,0.016,0.002154052,0.2570561,0,0.01,-0.01320678,-1.601754,0,0.014,-1.601754,2.228,0,13.5,6.268,2273,1855,9.67,0
2026,1,302,138.4,68.68,-0.01447321,-1.644478,0,0.008,0.001760103,0.2100436,0,0.011,-0.01339087,-1.624081,0,0.021,-1.624081,2.23,0,13.51,6.268,2272,1829,9.68,0
2026,1,303,138.3,68.93,-0.01461612,-1.660715,0,0.011,0.001276351,0.1523146,0,0.017,-0.01395198,-1.692134,0,0.01,-1.692134,2.203,0,13.51,6.269,2273,1834,9.68,0
2026,1,304,138.1,69.18,-0.0147344,-1.674154,0,0.006,0.001311913,0.1565585,0,0.012,-0.01407282,-1.70679,0,0.016,-1.70679,2.213,0,13.51,6.269,2273,1837,9.68,0
2026,1,305,137.9,69.43,-0.0147588,-1.676927,0,0.009,0.001473103,0.1757942,0,0.025,-0.01407049,-1.706506,0,0.015,-1.706506,2.237,0,13.52,6.269,2273,1834,9.68,0
2026,1,306,137.8,69.68,-0.01490087,-1.69307,0,0.007,0.001402214,0.1673347,0,0.026,-0.01387517,-1.682817,0,0.019,-1.682817,2.266,0,13.5,6.27,2273,1840,9.68,0
2026,1,307,137.6,69.93,-0.01474064,-1.674864,0,0.01,0.001708856,0.2039281,0,0.024,-0.01364868,-1.655348,0,0.016,-1.655348,2.29,0,13.5,6.271,2273,1836,9.68,0
2026,1,308,137.5,70.18,-0.01519241,-1.726194,0,0.02,0.001200953,0.143317,0,0.015,-0.01409552,-1.709542,0,0.026,-1.709542,2.248,0,13.5,6.271,2273,1834,9.68,0
2026,1,309,137.3,70.42,-0.01543379,-1.753621,0,0.007,0.001250164,0.1491896,0,0.015,-0.01434099,-1.739313,0,0.012,-1.739313,2.233,0,13.5,6.273,2273,1831,9.68,0
2026,1,310,137.2,70.67,-0.01542133,-1.752205,0,0.013,0.001679804,0.2004611,0,0.033,-0.01405261,-1.704339,0,0.022,-1.704339,2.254,0,13.51,6.275,2273,1860,9.68,0
2026,1,311,137,70.91,-0.01520524,-1.727652,0,0.009,0.001785834,0.2131143,0,0.019,-0.01368181,-1.659367,0,0.016,-1.659367,2.273,0,13.5,6.276,2273,1850,9.68,0
2026,1,312,136.8,71.16,-0.01507248,-1.712567,0,0.008,0.001866622,0.2227553,0,0.02,-0.01353243,-1.64125,0,0.015,-1.64125,2.287,0,13.5,6.278,2273,1863,9.68,0
2026,1,313,136.7,71.4,-0.01523118,-1.7306,0,0.021,0.00133376,0.1591655,0.001,0.067,-0.01402589,-1.701097,0,0.038,-1.701097,2.209,0,13.51,6.28,2273,1852,9.68,0
2026,1,314,136.5,71.64,-0.0159234,-1.809251,0,0.022,0.0002920238,0.03484895,0,0.014,-0.01479559,-1.794449,0,0.019,-1.794449,2.157,0,13.51,6.281,2273,1829,9.68,0
2026,1,315,136.4,71.88,-0.01630319,-1.852404,0,0.008,0.0002894806,0.03454547,0,0.012,-0.01505668,-1.826115,0,0.017,-1.826115,2.14,0,13.51,6.283,2273,1840,9.68,0
2026,1,316,136.2,72.12,-0.01634274,-1.856897,0,0.008,-5.651392E-05,-0.006744146,0,0.014,-0.01559608,-1.891535,0,0.022,-1.891535,2.106,0,13.5,6.285,2273,1826,9.69,0
2026,1,317,136,72.36,-0.01628664,-1.850523,0,0.009,6.123295E-05,0.007307297,0,0.016,-0.01596125,-1.935824,0,0.012,-1.935824,2.101,0,13.52,6.285,2274,1839,9.69,0
2026,1,318,135.9,72.6,-0.01601649,-1.819828,0,0.017,0.0006307855,0.07527543,0,0.023,-0.01556928,-1.888284,0,0.021,-1.888284,2.14,0,13.51,6.286,2273,1833,9.69,0
2026,1,319,135.7,72.83,-0.01541446,-1.751424,0,0.025,0.001598333,0.1907388,0,0.039,-0.01451731,-1.760699,0,0.042,-1.760699,2.234,0,13.5,6.287,2274,1818,9.69,0
2026,1,320,135.6,73.07,-0.01471862,-1.672361,0,0.027,0.002270557,0.2709592,0,0.031,-0.01335159,-1.619317,0,0.045,-1.619317,2.314,0,13.51,6.288,2274,1820,9.69,0
2026,1,321,135.4,73.3,-0.01428914,-1.623562,0,0.014,0.001537304,0.1834558,0,0.055,-0.01313652,-1.593233,0,0.013,-1.593233,2.255,0,13.51,6.288,2274,1827,9.69,0
2026,1,322,135.2,73.53,-0.01455418,-1.653677,0,0.01,0.001165023,0.1390292,0,0.009,-0.01325886,-1.60807,0,0.015,-1.60807,2.252,0,13.52,6.288,2274,1836,9.69,0
2026,1,323,135.1,73.77,-0.01429261,-1.623957,0,0.018,0.00200478,0.2392425,0,0.057,-0.01290339,-1.564957,0,0.02,-1.564957,2.297,0,13.5,6.288,2274,1828,9.69,0
2026,1,324,134.9,74,-0.014262,-1.62048,0,0.011,0.001159609,0.1383831,0,0.051,-0.01355738,-1.644275,0,0.042,-1.644275,2.231,0,13.5,6.289,2274,1837,9.69,0
2026,1,325,134.7,74.23,-0.01467843,-1.667795,0,0.014,0.0005263322,0.06281039,0,0.006,-0.01422507,-1.725254,0,0.018,-1.725254,2.202,0,13.5,6.289,2274,1825,9.69,0
2026,1,326,134.6,74.46,-0.01487619,-1.690265,0,0.008,0.000558004,0.06658997,0,0.014,-0.01455783,-1.765613,0,0.016,-1.765613,2.203,0,13.5,6.29,2274,1837,9.69,0
2026,1,327,134.4,74.69,-0.01482876,-1.684876,0,0.01,0.0007177682,0.08565559,0,0.013,-0.01439002,-1.74526,0,0.015,-1.74526,2.209,0,13.52,6.29,2274,1837,9.69,0
2026,1,328,134.3,74.91,-0.01479895,-1.681489,0,0.005,0.0007033829,0.08393892,0,0.009,-0.0142517,-1.728485,0,0.011,-1.728485,2.211,0,13.51,6.29,2274,1833,9.69,0
2026,1,329,134.1,75.14,-0.01474846,-1.675751,0,0.008,0.0007324028,0.08740203,0,0.014,-0.01409237,-1.709161,0,0.019,-1.709161,2.224,0,13.51,6.291,2274,1838,9.69,0
2026,1,330,133.9,75.37,-0.01464918,-1.664472,0,0.014,0.001155592,0.1379037,0,0.015,-0.01355208,-1.643633,0,0.022,-1.643633,2.267,0,13.5,6.291,2274,1837,9.69,0
2026,1,331,133.8,75.59,-0.01439286,-1.635348,0,0.008,0.001163295,0.138823,0,0.026,-0.01334233,-1.618194,0,0.022,-1.618194,2.283,0,13.5,6.29,2274,1822,9.7,0
2026,1,332,133.6,75.82,-0.01409019,-1.600958,0,0.02,0.002579609,0.3078403,0,0.037,-0.01235527,-1.498481,0,0.043,-1.498481,2.407,0,13.5,6.291,2274,1841,9.7,0
2026,1,333,133.4,76.04,-0.01398866,-1.589422,0,0.017,0.002109013,0.2516811,0,0.058,-0.01231683,-1.493818,0,0.032,-1.493818,2.365,0,13.5,6.291,2274,1829,9.7,0
2026,1,334,133.3,76.26,-0.0146767,-1.667599,0,0.024,0.001254304,0.1496836,0,0.013,-0.01288101,-1.562244,0,0.018,-1.562244,2.323,0,13.52,6.291,2273,1845,9.7,0
2026,1,335,133.1,76.49,-0.01507693,-1.713074,0,0.009,0.001342539,0.1602132,0,0.009,-0.01329847,-1.612874,0,0.017,-1.612874,2.318,0,13.5,6.292,2274,1846,9.7,0
2026,1,336,133,76.71,-0.01513526,-1.719701,0,0.007,0.0009932372,0.118529,0,0.022,-0.01378926,-1.672398,0,0.017,-1.672398,2.278,0,13.49,6.293,2274,1845,9.7,0
2026,1,337,132.8,76.93,-0.01511378,-1.71726,0,0.01,0.0009892214,0.1180497,0,0.01,-0.01384828,-1.679557,0,0.012,-1.679557,2.268,0,13.5,6.294,2274,1835,9.7,0
2026,1,338,132.6,77.15,-0.01514008,-1.720249,0,0.01,0.0007028934,0.0838805,0,0.017,-0.01391608,-1.68778,0,0.012,-1.68778,2.261,0,13.51,6.294,2275,1827,9.7,0
2026,1,339,132.5,77.36,-0.01491639,-1.694832,0,0.019,0.001757193,0.2096964,0,0.045,-0.01333642,-1.617477,0,0.026,-1.617477,2.337,0,13.51,6.294,2274,1837,9.7,0
2026,1,340,132.3,77.58,-0.01459756,-1.658607,0,0.009,0.001611247,0.1922798,0,0.038,-0.0130761,-1.585905,0,0.013,-1.585905,2.316,0,13.5,6.295,2274,1840,9.7,0
2026,1,341,132.1,77.8,-0.01467105,-1.666957,0,0.009,0.001138789,0.1358985,0,0.008,-0.01337921,-1.622666,0,0.012,-1.622666,2.303,0,13.5,6.295,2274,1841,9.7,0
2026,1,342,132,78.02,-0.01457754,-1.656332,0,0.01,0.001502372,0.1792871,0,0.018,-0.01320016,-1.600951,0,0.021,-1.600951,2.335,0,13.5,6.296,2274,1822,9.7,0
2026,1,343,131.8,78.23,-0.01446818,-1.643906,0,0.007,0.001401057,0.1671966,0,0.029,-0.01303808,-1.581294,0,0.011,-1.581294,2.333,0,13.5,6.296,2274,1845,9.7,0
2026,1,344,131.6,78.45,-0.01442871,-1.639422,0,0.01,0.0005948636,0.07098865,0,0.023,-0.01363,-1.653083,0,0.014,-1.653083,2.275,0,13.5,6.296,2274,1829,9.7,0
2026,1,345,131.5,78.66,-0.01431515,-1.626518,0,0.011,0.000448682,0.05354393,0,0.013,-0.01368047,-1.659204,0,0.014,-1.659204,2.264,0,13.52,6.296,2274,1834,9.71,0
2026,1,346,131.3,78.87,-0.01427159,-1.621569,0,0.011,0.0004851171,0.05789195,0,0.011,-0.01363528,-1.653723,0,0.013,-1.653723,2.261,0,13.5,6.296,2275,1838,9.71,0
2026,1,347,131.1,79.09,-0.01435368,-1.630896,0,0.012,0.00111389,0.1329272,0,0.044,-0.01324693,-1.606623,0,0.022,-1.606623,2.314,0,13.5,6.296,2273,1841,9.71,0
2026,1,348,131,79.3,-0.01415384,-1.608189,0,0.009,0.0009773143,0.1166288,0,0.033,-0.01305135,-1.582902,0,0.01,-1.582902,2.298,0,13.51,6.297,2274,1836,9.71,0
2026,1,349,130.8,79.51,-0.0141335,-1.605879,0,0.006,0.0004561497,0.05443509,0,0.011,-0.0132986,-1.612889,0,0.014,-1.612889,2.267,0,13.5,6.296,2274,1833,9.71,0
2026,1,350,130.6,79.72,-0.01401173,-1.592043,0,0.013,0.001130286,0.1348839,0.001,0.08,-0.01302348,-1.579523,0,0.045,-1.579523,2.304,0,13.5,6.296,2274,1835,9.71,0
2026,1,351,130.5,79.93,-0.01372179,-1.5591,0,0.012,0.001524467,0.1819238,0.001,0.073,-0.01249394,-1.515299,0,0.019,-1.515299,2.318,0,13.52,6.295,2274,1838,9.71,0
2026,1,352,130.3,80.1,-0.01390542,-1.579963,0,0.008,0.001005479,0.1199899,0,0.057,-0.01222847,-1.483101,0,0.022,-1.483101,2.348,0,13.5,6.295,2274,1839,9.71,0
2026,1,353,130.1,80.3,-0.01390846,-1.58031,0,0.008,0.002175258,0.2595866,0,0.038,-0.01185957,-1.43836,0,0.012,-1.43836,2.387,0,13.5,6.294,2273,1850,9.71,0
2026,1,354,130,80.6,-0.01413733,-1.606314,0,0.013,0.0009055221,0.1080614,0,0.022,-0.01217249,-1.476312,0,0.015,-1.476312,2.34,0,13.51,6.295,2273,1847,9.71,0
2026,1,355,129.8,80.8,-0.01422551,-1.616333,0,0.012,0.0006834153,0.08155607,0,0.01,-0.01247752,-1.513307,0,0.018,-1.513307,2.337,0,13.51,6.294,2274,1835,9.71,0
2026,1,356,129.7,81,-0.01417512,-1.610608,0,0.009,0.000512548,0.06116543,0,0.01,-0.01286265,-1.560017,0,0.015,-1.560017,2.311,0,13.52,6.295,2274,1842,9.71,0
2026,1,357,129.5,81.2,-0.01416773,-1.609768,0,0.013,0.0006308098,0.07527832,0,0.015,-0.01277155,-1.548968,0,0.023,-1.548968,2.312,0,13.52,6.296,2274,1842,9.71,0
2026,1,358,129.3,81.4,-0.01391557,-1.581117,0,0.011,0.001130309,0.1348865,0,0.015,-0.01215334,-1.47399,0,0.014,-1.47399,2.343,0,13.51,6.297,2273,1834,9.71,0
2026,1,359,129.2,81.6,-0.01367211,-1.553455,0,0.012,0.001181354,0.1409781,0,0.017,-0.01180792,-1.432096,0,0.014,-1.432096,2.364,0,13.51,6.298,2273,1836,9.71,0
2026,1,400,129,81.8,-0.01353173,-1.537504,0,0.008,0.00111051,0.1325239,0,0.007,-0.01186183,-1.438635,0,0.013,-1.438635,2.364,0,13.5,6.299,2273,1839,9.72,0
2026,1,401,128.8,82,-0.01358571,-1.543638,0,0.009,0.0007944625,0.09480799,0,0.021,-0.01243201,-1.507788,0,0.032,-1.507788,2.331,0,13.5,6.301,2274,1837,9.72,0
2026,1,402,128.6,82.2,-0.01376348,-1.563836,0,0.009,0.0009355337,0.1116429,0,0.026,-0.01274927,-1.546266,0,0.014,-1.546266,2.334,0,13.5,6.303,2273,1841,9.72,0
2026,1,403,128.5,82.4,-0.01387404,-1.576398,0,0.009,0.0009356514,0.1116569,0,0.008,-0.0126915,-1.539259,0,0.012,-1.539259,2.339,0,13.5,6.304,2273,1834,9.72,0
2026,1,404,128.3,82.6,-0.0139484,-1.584848,0,0.009,0.001150772,0.1373285,0,0.012,-0.01241589,-1.505833,0,0.016,-1.505833,2.366,0,13.52,6.306,2273,1839,9.72,0
2026,1,405,128.1,82.8,-0.0138108,-1.569213,0,0.007,0.001217288,0.1452664,0,0.011,-0.01233195,-1.495653,0,0.019,-1.495653,2.376,0,13.51,6.307,2273,1834,9.72,0
2026,1,406,128,83,-0.01381817,-1.57005,0,0.008,0.001220459,0.1456448,0,0.014,-0.01246246,-1.511481,0,0.015,-1.511481,2.383,0,13.52,6.31,2272,1847,9.72,0
2026,1,407,127.8,83.2,-0.01374982,-1.562284,0,0.01,0.0009269791,0.110622,0,0.012,-0.01270585,-1.540999,0,0.011,-1.540999,2.388,0,13.5,6.313,2273,1827,9.72,0
2026,1,408,127.6,83.4,-0.01348266,-1.531929,0,0.014,0.001073767,0.128139,0,0.009,-0.01238907,-1.502579,0,0.021,-1.502579,2.41,0,13.52,6.315,2273,1837,9.72,0
2026,1,409,127.5,83.6,-0.01315874,-1.495125,0,0.013,0.0008940469,0.106692,0,0.013,-0.01199672,-1.454995,0,0.011,-1.454995,2.423,0,13.52,6.318,2273,1837,9.72,0
2026,1,410,127.3,83.8,-0.01293108,-1.469257,0,0.018,0.001520025,0.1813937,0.001,0.073,-0.01151081,-1.396061,0,0.042,-1.396061,2.482,0,13.52,6.322,2272,1834,9.72,0
2026,1,411,127.1,84,-0.01254898,-1.425842,0,0.009,0.002367459,0.2825232,0,0.043,-0.01097038,-1.330517,0,0.02,-1.330517,2.494,0,13.51,6.325,2272,1835,9.72,0
2026,1,412,127,84.2,-0.01298117,-1.474948,0,0.029,0.000928133,0.1107597,0,0.043,-0.01176767,-1.427214,0,0.03,-1.427214,2.427,0,13.52,6.329,2272,1838,9.72,0
2026,1,413,126.8,84.4,-0.0135425,-1.538728,0,0.014,0.0007400248,0.08831162,0,0.022,-0.01228967,-1.490524,0,0.016,-1.490524,2.428,0,13.51,6.334,2273,1836,9.72,0
2026,1,414,126.6,84.6,-0.01387885,-1.576945,0,0.013,0.001034441,0.123446,0,0.013,-0.01237294,-1.500623,0,0.015,-1.500623,2.42,0,13.52,6.338,2273,1834,9.73,0
2026,1,415,126.5,84.8,-0.01415465,-1.608282,0,0.009,0.0008565771,0.1022205,0,0.009,-0.01250886,-1.517108,0,0.013,-1.517108,2.405,0,13.5,6.342,2273,1835,9.73,0
2026,1,416,126.3,85,-0.01423618,-1.617545,0,0.01,0.0009758464,0.1164536,0,0.014,-0.01248745,-1.514512,0,0.012,-1.514512,2.402,0,13.51,6.346,2272,1835,9.73,0
2026,1,417,126.1,85.2,-0.01414675,-1.607384,0,0.011,0.0006198796,0.07397397,0,0.01,-0.01277716,-1.549648,0,0.015,-1.549648,2.365,0,13.51,6.35,2272,1834,9.73,0
2026,1,418,126,85.4,-0.01396729,-1.586994,0,0.009,0.000318703,0.03803275,0,0.009,-0.01315317,-1.595251,0,0.014,-1.595251,2.333,0,13.52,6.354,2272,1844,9.73,0
2026,1,419,125.8,85.6,-0.01372035,-1.558936,0,0.012,0.0006757195,0.08063767,0,0.024,-0.01278138,-1.55016,0,0.02,-1.55016,2.362,0,13.51,6.358,2272,1830,9.73,0
2026,1,420,125.6,85.8,-0.01334622,-1.516426,0,0.018,0.001019136,0.1216196,0,0.03,-0.01233235,-1.4957,0,0.02,-1.4957,2.375,0,13.5,6.361,2272,1832,9.73,0
2026,1,421,125.5,86,-0.01331908,-1.513343,0,0.015,-0.0001225858,-0.0146289,0,0.049,-0.01286604,-1.560427,0,0.026,-1.560427,2.312,0,13.5,6.365,2271,1835,9.73,0
2026,1,422,125.3,86.2,-0.01368353,-1.554752,0,0.012,-0.0001048752,-0.01251538,0,0.05,-0.01296585,-1.572533,0,0.019,-1.572533,2.315,0,13.51,6.368,2272,1823,9.73,0
2026,1,423,125.1,86.3,-0.01369628,-1.556201,0,0.01,0.0002540223,0.03031402,0,0.017,-0.01281991,-1.554834,0,0.01,-1.554834,2.317,0,13.51,6.37,2272,1829,9.73,0
2026,1,424,125,86.5,-0.01354961,-1.539535,0,0.025,0.001844955,0.2201696,0.001,0.154,-0.01202681,-1.458644,0.001,0.068,-1.458644,2.393,0,13.5,6.374,2272,1835,9.73,0
2026,1,425,124.8,86.7,-0.01274208,-1.447783,0,0.021,0.00331896,0.3960715,0,0.053,-0.01075797,-1.304755,0,0.021,-1.304755,2.487,0,13.5,6.377,2270,1826,9.73,0
2026,1,426,124.6,86.9,-0.01253941,-1.424755,0,0.014,0.001815206,0.2166194,0,0.051,-0.01097938,-1.331608,0,0.036,-1.331608,2.442,0,13.51,6.38,2272,1833,9.73,0
2026,1,427,124.5,87.1,-0.01320272,-1.500121,0,0.029,0.0006716546,0.08015259,0,0.016,-0.01210213,-1.467778,0,0.035,-1.467778,2.401,0,13.5,6.384,2272,1843,9.73,0
2026,1,428,124.3,87.3,-0.0137696,-1.564532,0,0.009,0.0007390166,0.0881913,0,0.012,-0.01266429,-1.535959,0,0.015,-1.535959,2.394,0,13.5,6.388,2271,1831,9.74,0
2026,1,429,124.1,87.5,-0.01389669,-1.578972,0,0.008,0.0005459369,0.06514994,0,0.012,-0.01304387,-1.581996,0,0.015,-1.581996,2.38,0,13.51,6.391,2271,1845,9.74,0
2026,1,430,124,87.7,-0.01385843,-1.574625,0,0.014,0.0006004618,0.07165672,0,0.008,-0.013075,-1.585771,0,0.009,-1.585771,2.384,0,13.51,6.396,2272,1837,9.74,0
2026,1,431,123.8,87.9,-0.01354953,-1.539526,0,0.013,0.0007335832,0.08754289,0,0.012,-0.01283864,-1.557105,0,0.02,-1.557105,2.379,0,13.5,6.399,2271,1836,9.74,0
2026,1,432,123.6,88.1,-0.01335152,-1.517028,0,0.01,0.0009158059,0.1092886,0,0.017,-0.01222758,-1.482994,0,0.024,-1.482994,2.416,0,13.5,6.402,2271,1837,9.74,0
2026,1,433,123.4,88.2,-0.01312285,-1.491046,0,0.009,0.0009382645,0.1119688,0,0.019,-0.0120094,-1.456532,0,0.013,-1.456532,2.41,0,13.5,6.405,2272,1833,9.74,0
2026,1,434,123.3,88.4,-0.01302397,-1.479812,0,0.012,0.001154609,0.1377864,0.001,0.065,-0.01152091,-1.397286,0,0.043,-1.397286,2.435,0,13.51,6.408,2271,1831,9.74,0
2026,1,435,123.1,88.6,-0.01245842,-1.415553,0,0.027,0.002691855,0.3212353,0.001,0.073,-0.01009249,-1.224044,0,0.057,-1.224044,2.566,0,13.51,6.411,2272,1822,9.74,0
2026,1,436,122.9,88.8,-0.01166596,-1.325511,0,0.015,0.003445528,0.4111755,0,0.055,-0.009444864,-1.145498,0,0.026,-1.145498,2.606,0,13.5,6.414,2271,1832,9.74,0
2026,1,437,122.8,89,-0.01180552,-1.341369,0,0.021,0.001954289,0.2332171,0.001,0.062,-0.01030167,-1.249415,0,0.059,-1.249415,2.537,0,13.5,6.418,2270,1837,9.74,0
2026,1,438,122.6,89.2,-0.01278912,-1.453128,0,0.043,0.0002887432,0.03445747,0,0.034,-0.01203764,-1.459958,0,0.045,-1.459958,2.45,0,13.51,6.422,2271,1836,9.74,0
2026,1,439,122.4,89.4,-0.01386651,-1.575543,0,0.028,0.0001695458,0.02023293,0,0.012,-0.01276687,-1.548401,0,0.015,-1.548401,2.436,0,13.5,6.426,2271,1859,9.74,0
2026,1,440,122.3,89.6,-0.01416396,-1.609339,0,0.007,0.0006923831,0.08262624,0,0.015,-0.01271012,-1.541517,0,0.015,-1.541517,2.44,0,13.51,6.429,2270,1847,9.74,0
2026,1,441,122.1,89.7,-0.01387075,-1.576024,0,0.02,0.0008388327,0.100103,0,0.017,-0.01251232,-1.517528,0,0.018,-1.517528,2.452,0,13.53,6.434,2271,1848,9.74,0
2026,1,442,121.9,89.9,-0.01303142,-1.480658,0,0.031,0.001837603,0.2192922,0,0.046,-0.01148978,-1.393511,0,0.046,-1.393511,2.527,0,13.51,6.438,2270,1825,9.74,0
2026,1,443,121.8,90.1,-0.01243556,-1.412955,0,0.012,0.002466938,0.2943945,0,0.047,-0.01097634,-1.33124,0,0.019,-1.33124,2.585,0,13.5,6.442,2271,1861,9.75,0
2026,1,444,121.6,90.3,-0.01251941,-1.422483,0,0.012,0.001509802,0.1801738,0,0.014,-0.01114042,-1.35114,0,0.022,-1.35114,2.599,0,13.5,6.447,2270,1847,9.75,0
2026,1,445,121.4,90.5,-0.01207399,-1.371872,0,0.023,0.002164893,0.2583497,0,0.017,-0.01049005,-1.272262,0,0.023,-1.272262,2.661,0,13.51,6.452,2270,1853,9.75,0
2026,1,446,121.3,90.7,-0.01170552,-1.330007,0,0.012,0.002864729,0.3418654,0,0.058,-0.01014726,-1.230687,0,0.015,-1.230687,2.712,0,13.5,6.457,2269,1843,9.75,0
2026,1,447,121.1,90.8,-0.01189988,-1.35209,0,0.027,0.001913063,0.2282973,0.001,0.098,-0.01091274,-1.323526,0,0.046,-1.323526,2.632,0,13.5,6.463,2269,1854,9.75,0
2026,1,448,120.9,91,-0.01256345,-1.427487,0,0.022,0.001081356,0.1290447,0,0.015,-0.01170173,-1.419217,0,0.019,-1.419217,2.604,0,13.51,6.469,2269,1842,9.75,0
2026,1,449,120.8,91.2,-0.01309992,-1.488441,0,0.012,0.0006955724,0.08300684,0,0.03,-0.01240106,-1.504034,0,0.021,-1.504034,2.576,0,13.5,6.474,2269,1834,9.75,0
2026,1,450,120.6,91.4,-0.01311277,-1.489901,0,0.011,0.0007412985,0.08846361,0,0.022,-0.01236626,-1.499814,0,0.014,-1.499814,2.589,0,13.5,6.481,2270,1841,9.75,0
2026,1,451,120.4,91.6,-0.0130984,-1.488269,0,0.01,0.0006151425,0.07340865,0,0.023,-0.0128821,-1.562376,0,0.035,-1.562376,2.547,0,13.51,6.486,2268,1830,9.75,0
2026,1,452,120.2,91.8,-0.01331536,-1.51292,0,0.01,-0.0003389628,-0.04045047,0,0.031,-0.01374541,-1.66708,0,0.033,-1.66708,2.484,0,13.5,6.492,2269,1837,9.75,0
2026,1,453,120.1,91.9,-0.01343879,-1.526944,0,0.009,-0.0005272086,-0.06291498,0,0.013,-0.01400855,-1.698994,0,0.018,-1.698994,2.458,0,13.51,6.497,2268,1843,9.75,0
2026,1,454,119.9,92.1,-0.0132628,-1.506948,0,0.014,-0.0002977657,-0.03553417,0,0.016,-0.01337423,-1.622062,0,0.02,-1.622062,2.474,0,13.51,6.502,2268,1841,9.75,0
2026,1,455,119.7,92.3,-0.01292573,-1.46865,0,0.007,6.721714E-05,0.008021426,0,0.032,-0.0127977,-1.552139,0,0.032,-1.552139,2.495,0,13.51,6.507,2269,1840,9.75,0
2026,1,456,119.6,92.5,-0.01242249,-1.41147,0,0.037,0.00192404,0.2296073,0.001,0.078,-0.01095281,-1.328386,0.001,0.09,-1.328386,2.608,0,13.51,6.512,2269,1849,9.75,0
2026,1,457,119.4,92.7,-0.01123155,-1.276153,0,0.037,0.003643294,0.4347762,0,0.046,-0.008653919,-1.049571,0.001,0.061,-1.049571,2.727,0,13.5,6.516,2267,1839,9.76,0
2026,1,458,119.2,92.8,-0.01052424,-1.195787,0,0.012,0.00327592,0.3909352,0.001,0.073,-0.008309531,-1.007802,0,0.053,-1.007802,2.738,0,13.5,6.521,2268,1841,9.76,0
2026,1,459,119.1,93,-0.01123673,-1.276741,0,0.035,0.001125432,0.1343046,0,0.052,-0.01022538,-1.240162,0.001,0.069,-1.240162,2.665,0,13.51,6.526,2267,1837,9.76,0
2026,1,500,118.9,93.2,-0.01205629,-1.369862,0,0.017,0.0006756603,0.08063061,0,0.023,-0.01171525,-1.420857,0,0.052,-1.420857,2.635,0,13.52,6.531,2266,1836,9.76,0
2026,1,501,118.7,93.4,-0.01299252,-1.476238,0,0.044,-0.0003485043,-0.04158911,0,0.053,-0.01335087,-1.61923,0,0.059,-1.61923,2.561,0,13.52,6.536,2267,1838,9.76,0
2026,1,502,118.6,93.6,-0.01378715,-1.566526,0,0.012,-0.0004200166,-0.05012311,0,0.04,-0.01410518,-1.710714,0,0.017,-1.710714,2.555,0,13.52,6.541,2268,1841,9.76,0
2026,1,503,118.4,93.7,-0.01357682,-1.542627,0,0.01,0.0001686947,0.02013135,0,0.011,-0.01387367,-1.682636,0,0.017,-1.682636,2.568,0,13.49,6.546,2266,1837,9.76,0
2026,1,504,118.2,93.9,-0.01354614,-1.539142,0,0.009,-0.0001605121,-0.01915487,0,0.016,-0.01373046,-1.665267,0,0.012,-1.665267,2.543,0,13.51,6.551,2266,1842,9.76,0
2026,1,505,118.1,94.1,-0.01374003,-1.561171,0,0.007,-0.00022022,-0.02628017,0,0.009,-0.0139521,-1.692148,0,0.025,-1.692148,2.526,0,13.5,6.556,2266,1859,9.76,0
2026,1,506,117.9,94.3,-0.01393347,-1.583151,0,0.008,-0.0005979395,-0.07135572,0,0.017,-0.01451721,-1.760686,0,0.014,-1.760686,2.52,0,13.51,6.561,2266,1845,9.76,0
2026,1,507,117.7,94.4,-0.01371057,-1.557824,0,0.019,7.441009E-05,0.008879804,0,0.053,-0.01382974,-1.677308,0,0.043,-1.677308,2.563,0,13.49,6.566,2267,1830,9.76,0
2026,1,508,117.6,94.6,-0.01338883,-1.521268,0,0.012,-3.508032E-05,-0.004186347,0,0.055,-0.01353328,-1.641352,0,0.027,-1.641352,2.543,0,13.49,6.57,2266,1818,9.76,0
2026,1,509,117.4,94.8,-0.01383281,-1.571713,0,0.021,-0.0007257567,-0.08660892,0,0.027,-0.01413483,-1.71431,0,0.023,-1.71431,2.517,0,13.51,6.574,2266,1824,9.76,0
2026,1,510,117.2,95,-0.01381924,-1.570172,0,0.019,0.0003122795,0.03726619,0,0.014,-0.01344536,-1.630689,0,0.026,-1.630689,2.583,0,13.5,6.577,2266,1856,9.76,0
2026,1,511,117.1,95.2,-0.0134042,-1.523014,0,0.009,0.0003250942,0.03879545,0,0.023,-0.01324122,-1.60593,0,0.019,-1.60593,2.59,0,13.51,6.581,2267,1851,9.76,0
2026,1,512,116.9,95.3,-0.01327363,-1.508179,0,0.013,0.0001000205,0.01193604,0,0.009,-0.01327583,-1.610128,0,0.012,-1.610128,2.598,0,13.52,6.585,2267,1834,9.77,0
2026,1,513,116.7,95.5,-0.01303743,-1.481341,0,0.008,-0.0002151036,-0.02566961,0,0.018,-0.01353991,-1.642157,0,0.014,-1.642157,2.57,0,13.52,6.588,2266,1838,9.77,0
2026,1,514,116.6,95.7,-0.0128409,-1.459011,0,0.015,-5.93536E-05,-0.007083022,0,0.024,-0.01289773,-1.564271,0,0.034,-1.564271,2.599,0,13.51,6.591,2266,1844,9.77,0
2026,1,515,116.4,95.9,-0.01233859,-1.401937,0,0.017,0.0004388838,0.05237464,0,0.022,-0.0120803,-1.465131,0,0.028,-1.465131,2.639,0,13.5,6.594,2267,1841,9.77,0
2026,1,516,116.2,96,-0.01207385,-1.371857,0,0.014,0.0002060624,0.02459066,0,0.036,-0.01200083,-1.455493,0,0.023,-1.455493,2.616,0,13.51,6.597,2266,1840,9.77,0
2026,1,517,116,96.2,-0.01264303,-1.436528,0,0.025,-0.0003592582,-0.04287245,0,0.013,-0.01247511,-1.513014,0,0.015,-1.513014,2.581,0,13.51,6.6,2266,1841,9.77,0
2026,1,518,115.9,96.4,-0.01280026,-1.454394,0,0.014,0.0002234451,0.02666505,0,0.033,-0.01216695,-1.47564,0,0.029,-1.47564,2.612,0,13.49,6.603,2266,1851,9.77,0
2026,1,519,115.7,96.6,-0.01227341,-1.394532,0,0.02,0.001526913,0.1822158,0,0.051,-0.01098735,-1.332575,0,0.039,-1.332575,2.711,0,13.5,6.606,2266,1838,9.77,0
2026,1,520,115.5,96.7,-0.01184802,-1.346197,0,0.007,0.001183406,0.1412229,0,0.047,-0.01125177,-1.364644,0,0.019,-1.364644,2.707,0,13.5,6.61,2266,1853,9.77,0
2026,1,521,115.4,96.9,-0.01181511,-1.342459,0,0.012,0.001386015,0.1654015,0,0.022,-0.01097556,-1.331145,0,0.013,-1.331145,2.75,0,13.51,6.613,2265,1833,9.77,0
2026,1,522,115.2,97.1,-0.01163658,-1.322173,0,0.014,0.001761533,0.2102143,0,0.008,-0.01047087,-1.269935,0,0.016,-1.269935,2.774,0,13.5,6.617,2265,1840,9.77,0
2026,1,523,115,97.3,-0.01159826,-1.317819,0,0.013,0.001344463,0.1604428,0,0.024,-0.01077232,-1.306496,0,0.025,-1.306496,2.745,0,13.51,6.62,2264,1830,9.77,0
2026,1,524,114.9,97.4,-0.01189631,-1.351685,0,0.012,0.0009324563,0.1112756,0,0.022,-0.01141731,-1.384722,0,0.018,-1.384722,2.741,0,13.51,6.624,2265,1840,9.77,0
2026,1,525,114.7,97.6,-0.01184955,-1.346372,0,0.011,0.001563683,0.1866037,0,0.014,-0.01121688,-1.360413,0,0.01,-1.360413,2.765,0,13.51,6.628,2264,1840,9.77,0
2026,1,526,114.5,97.8,-0.01176149,-1.336365,0,0.009,0.001170398,0.1396706,0,0.01,-0.01117744,-1.35563,0,0.01,-1.35563,2.767,0,13.51,6.632,2264,1831,9.78,0
2026,1,527,114.4,98,-0.01146281,-1.302429,0,0.016,0.001396487,0.1666512,0,0.022,-0.01084986,-1.315901,0,0.021,-1.315901,2.807,0,13.5,6.637,2265,1852,9.78,0
2026,1,528,114.2,98.1,-0.01114131,-1.2659,0,0.012,0.001830405,0.2184333,0,0.008,-0.01059422,-1.284896,0,0.018,-1.284896,2.857,0,13.5,6.643,2263,1843,9.78,0
2026,1,529,114,98.3,-0.01119852,-1.2724,0,0.008,0.001760363,0.2100747,0,0.019,-0.01083396,-1.313972,0,0.014,-1.313972,2.88,0,13.51,6.648,2263,1834,9.78,0
2026,1,530,113.9,98.5,-0.01104572,-1.255039,0,0.021,0.00290363,0.3465077,0,0.054,-0.009965811,-1.20868,0,0.046,-1.20868,2.967,0,13.5,6.653,2262,1832,9.78,0
2026,1,531,113.7,98.7,-0.0108988,-1.238345,0,0.021,0.002095919,0.2501187,0.001,0.078,-0.01035743,-1.256177,0.001,0.07,-1.256177,2.891,0,13.49,6.66,2262,1832,9.78,0
2026,1,532,113.5,98.8,-0.01181686,-1.342657,0,0.032,0.0002863436,0.03417111,0,0.022,-0.01235188,-1.498069,0,0.051,-1.498069,2.836,0,13.51,6.666,2262,1840,9.78,0
2026,1,533,113.4,99,-0.01232657,-1.400571,0,0.011,0.0003814831,0.04552468,0,0.01,-0.0131893,-1.599633,0,0.028,-1.599633,2.775,0,13.49,6.673,2262,1841,9.78,0
2026,1,534,113.2,99.2,-0.01283684,-1.45855,0,0.024,-5.431276E-05,-0.006481469,0,0.018,-0.0141994,-1.722141,0,0.04,-1.722141,2.699,0,13.49,6.681,2262,1842,9.78,0
2026,1,535,113,99.4,-0.01302544,-1.479978,0,0.015,0.0003301334,0.03939681,0,0.021,-0.01453069,-1.762321,0,0.028,-1.762321,2.691,0,13.51,6.687,2262,1843,9.78,0
2026,1,536,112.9,99.5,-0.0123192,-1.399734,0,0.028,0.000866049,0.1033508,0,0.012,-0.01345953,-1.632408,0,0.04,-1.632408,2.726,0,13.5,6.694,2262,1844,9.78,0
2026,1,537,112.7,99.7,-0.01166016,-1.324853,0,0.015,0.001098748,0.1311202,0,0.021,-0.01271004,-1.541507,0,0.023,-1.541507,2.767,0,13.51,6.701,2261,1839,9.78,0
2026,1,538,112.5,99.9,-0.01119369,-1.271851,0,0.017,0.001693328,0.2020751,0,0.016,-0.0121764,-1.476786,0,0.013,-1.476786,2.832,0,13.5,6.707,2261,1839,9.78,0
2026,1,539,112.4,100,-0.01090083,-1.238576,0,0.013,0.001722115,0.2055104,0,0.006,-0.01179244,-1.430219,0,0.014,-1.430219,2.864,0,13.51,6.715,2261,1831,9.78,0
2026,1,540,112.2,100.2,-0.01068435,-1.213979,0,0.008,0.001168498,0.1394439,0,0.043,-0.01196319,-1.450928,0,0.026,-1.450928,2.868,0,13.51,6.721,2261,1844,9.79,0
2026,1,541,112,100.4,-0.01078896,-1.225865,0,0.009,0.0004073243,0.04860847,0,0.033,-0.01224302,-1.484867,0,0.019,-1.484867,2.864,0,13.51,6.728,2259,1845,9.79,0
2026,1,542,111.9,100.6,-0.01096088,-1.245399,0,0.01,0.0002351862,0.02806618,0,0.037,-0.01204963,-1.461412,0,0.026,-1.461412,2.862,0,13.51,6.735,2259,1842,9.79,0
2026,1,543,111.7,100.7,-0.01084167,-1.231854,0,0.008,-0.0001188551,-0.0141837,0.001,0.073,-0.01207673,-1.464698,0,0.027,-1.464698,2.843,0,13.5,6.742,2259,1841,9.79,0
2026,1,544,111.6,100.9,-0.01085498,-1.233366,0,0.019,0.0008913176,0.1063663,0.001,0.138,-0.01107706,-1.343455,0.001,0.07,-1.343455,2.937,0,13.52,6.748,2258,1834,9.79,0
2026,1,545,111.4,101.1,-0.01054363,-1.19799,0,0.01,0.001354634,0.1616567,0,0.048,-0.01078643,-1.308207,0,0.015,-1.308207,2.956,0,13.5,6.754,2259,1842,9.79,0
2026,1,546,111.2,101.3,-0.01072223,-1.218283,0,0.009,0.001332262,0.1589868,0,0.014,-0.01059881,-1.285452,0,0.011,-1.285452,2.962,0,13.51,6.761,2258,1836,9.79,0
2026,1,547,111.1,101.4,-0.01075699,-1.222232,0,0.008,0.001558412,0.1859747,0,0.019,-0.0103808,-1.259011,0,0.02,-1.259011,2.993,0,13.5,6.766,2258,1842,9.79,0
2026,1,548,110.9,101.6,-0.01073136,-1.219321,0,0.009,0.001431288,0.1708042,0,0.041,-0.01052531,-1.276538,0,0.036,-1.276538,2.981,0,13.5,6.772,2259,1840,9.79,0
2026,1,549,110.7,101.8,-0.01084289,-1.231992,0,0.009,0.0009813339,0.1171085,0,0.025,-0.01097621,-1.331224,0,0.022,-1.331224,2.999,0,13.5,6.778,2258,1830,9.79,0
2026,1,550,110.6,101.9,-0.01076424,-1.223057,0,0.008,0.001140958,0.1361574,0,0.023,-0.01099107,-1.333027,0,0.015,-1.333027,3.039,0,13.5,6.784,2257,1843,9.79,0
2026,1,551,110.4,102.1,-0.01063268,-1.208108,0,0.009,0.0009800278,0.1169526,0,0.032,-0.01128935,-1.369202,0,0.023,-1.369202,3.032,0,13.51,6.789,2258,1838,9.79,0
2026,1,552,110.2,102.3,-0.01056508,-1.200427,0,0.009,0.001200165,0.1432229,0,0.024,-0.01121139,-1.359748,0,0.015,-1.359748,3.02,0,13.52,6.795,2258,1850,9.79,0
2026,1,553,110.1,102.5,-0.01059078,-1.203347,0,0.009,0.0007122493,0.08499698,0,0.033,-0.01146146,-1.390077,0,0.023,-1.390077,3,0,13.52,6.801,2256,1828,9.79,0
2026,1,554,109.9,102.6,-0.0110957,-1.260717,0,0.021,0.0002540876,0.0303218,0,0.022,-0.01174619,-1.42461,0,0.014,-1.42461,2.976,0,13.51,6.806,2256,1835,9.79,0
2026,1,555,109.7,102.8,-0.01131378,-1.285496,0,0.011,0.0005622642,0.06709836,0,0.03,-0.01166785,-1.415108,0,0.026,-1.415108,2.981,0,13.5,6.812,2257,1830,9.8,0
2026,1,556,109.6,103,-0.01126156,-1.279563,0,0.012,0.0005507942,0.06572959,0,0.018,-0.01168801,-1.417554,0,0.021,-1.417554,2.967,0,13.51,6.818,2257,1842,9.8,0
2026,1,557,109.4,103.1,-0.01107449,-1.258307,0,0.013,9.267153E-05,0.01105905,0.001,0.087,-0.01186543,-1.439071,0,0.044,-1.439071,2.987,0,13.51,6.823,2255,1834,9.8,0
2026,1,558,109.2,103.3,-0.01103178,-1.253454,0,0.012,-0.0003246326,-0.03874036,0.001,0.064,-0.01186446,-1.438953,0,0.033,-1.438953,2.969,0,13.51,6.828,2255,1844,9.8,0
2026,1,559,109.1,103.5,-0.01053657,-1.197188,0,0.015,0.0005012749,0.05982016,0,0.015,-0.01139915,-1.382519,0,0.01,-1.382519,3.016,0,13.53,6.834,2256,1855,9.8,0
2026,1,600,108.9,103.7,-0.01044172,-1.186411,0,0.013,-0.000367593,-0.04386708,0.001,0.079,-0.0116773,-1.416255,0,0.029,-1.416255,2.958,0,13.51,6.839,2255,1840,9.8,0
2026,1,601,108.8,103.8,-0.01077702,-1.224508,0,0.009,-0.0002373554,-0.02832505,0,0.049,-0.01144917,-1.388587,0,0.019,-1.388587,2.983,0,13.51,6.844,2257,1834,9.8,0
2026,1,602,108.6,104,-0.01078472,-1.225383,0,0.008,6.962439E-05,0.008308697,0,0.022,-0.01133439,-1.374665,0,0.019,-1.374665,2.989,0,13.51,6.849,2255,1842,9.8,0
2026,1,603,108.4,104.2,-0.01088648,-1.236945,0,0.014,-0.001229849,-0.1467653,0,0.046,-0.0117963,-1.430687,0,0.017,-1.430687,2.92,0,13.5,6.854,2256,1842,9.8,0
2026,1,604,108.3,104.3,-0.01110297,-1.261544,0,0.007,-0.001979591,-0.2362365,0,0.057,-0.01200293,-1.455747,0,0.024,-1.455747,2.909,0,13.52,6.859,2255,1835,9.8,0
2026,1,605,108.1,104.5,-0.01135376,-1.290039,0,0.009,-0.002889131,-0.3447774,0,0.016,-0.01228317,-1.489735,0,0.014,-1.489735,2.874,0,13.53,6.862,2255,1845,9.8,0
2026,1,606,107.9,104.7,-0.0114421,-1.300076,0,0.01,-0.002673413,-0.3190344,0,0.051,-0.01216151,-1.474981,0,0.035,-1.474981,2.864,0,13.5,6.866,2255,1847,9.8,0
2026,1,607,107.8,104.8,-0.01101723,-1.251802,0,0.025,-0.000422608,-0.05043237,0.001,0.074,-0.01079012,-1.308655,0,0.054,-1.308655,2.939,0,13.5,6.869,2256,1840,9.8,0
2026,1,608,107.6,105,-0.01022769,-1.162093,0,0.032,0.002838073,0.3386843,0.001,0.093,-0.008749099,-1.061114,0,0.052,-1.061114,3.176,0,13.51,6.871,2256,1838,9.8,0
2026,1,609,107.4,105.2,-0.009935931,-1.128942,0,0.015,0.001384735,0.1652487,0.001,0.13,-0.009036081,-1.09592,0,0.05,-1.09592,3.134,0,13.52,6.874,2256,1830,9.81,0
2026,1,610,107.3,105.4,-0.01039136,-1.180689,0,0.015,0.0009370653,0.1118256,0,0.045,-0.009384917,-1.138228,0,0.026,-1.138228,3.14,0,13.51,6.876,2254,1845,9.81,0
2026,1,611,107.1,105.5,-0.01030357,-1.170714,0,0.013,0.003069022,0.3662448,0,0.044,-0.00848691,-1.029315,0,0.014,-1.029315,3.27,0,13.51,6.879,2253,1834,9.81,0
2026,1,612,107,105.7,-0.01024466,-1.16402,0,0.01,0.002960859,0.3533372,0,0.014,-0.008436664,-1.023221,0,0.016,-1.023221,3.31,0,13.5,6.882,2255,1846,9.81,0
2026,1,613,106.8,105.9,-0.01034105,-1.174973,0,0.009,0.00289728,0.3457498,0.001,0.075,-0.008884354,-1.077518,0,0.052,-1.077518,3.357,0,13.51,6.886,2255,1838,9.81,0
2026,1,614,106.6,106,-0.01065112,-1.210203,0,0.014,0.001203894,0.143668,0,0.028,-0.01009206,-1.223992,0,0.021,-1.223992,3.283,0,13.51,6.89,2255,1832,9.81,0
2026,1,615,106.5,106.2,-0.01100285,-1.250167,0,0.017,0.001477502,0.1763192,0.001,0.069,-0.0106129,-1.287161,0,0.024,-1.287161,3.29,0,13.51,6.893,2256,1846,9.81,0
2026,1,616,106.3,106.4,-0.01086905,-1.234964,0,0.025,0.003982285,0.47523,0.001,0.072,-0.009409476,-1.141207,0.001,0.068,-1.141207,3.426,0,13.5,6.897,2254,1826,9.81,0
2026,1,617,106.1,106.6,-0.01016908,-1.155432,0,0.013,0.004478731,0.5344738,0,0.035,-0.008497403,-1.030588,0,0.044,-1.030588,3.554,0,13.5,6.901,2254,1854,9.81,0
2026,1,618,106,106.7,-0.009743164,-1.107039,0,0.011,0.004506354,0.5377703,0,0.054,-0.008394942,-1.018161,0,0.034,-1.018161,3.617,0,13.5,6.904,2253,1840,9.81,0
2026,1,619,105.8,106.9,-0.01001511,-1.137939,0,0.014,0.003105163,0.3705578,0,0.043,-0.009475579,-1.149224,0,0.05,-1.149224,3.547,0,13.51,6.909,2254,1833,9.81,0
2026,1,620,105.7,107.1,-0.01060296,-1.204731,0,0.024,0.001282449,0.1530423,0.001,0.11,-0.01098903,-1.332779,0,0.061,-1.332779,3.433,0,13.52,6.913,2253,1828,9.81,0
2026,1,621,105.5,107.2,-0.01107537,-1.258407,0,0.011,0.001124051,0.1341397,0,0.051,-0.01148728,-1.393209,0,0.024,-1.393209,3.4,0,13.52,6.919,2253,1838,9.81,0
2026,1,622,105.3,107.4,-0.01092609,-1.241445,0,0.008,0.001003407,0.1197426,0,0.048,-0.01164403,-1.412219,0,0.035,-1.412219,3.376,0,13.51,6.924,2253,1821,9.81,0
2026,1,623,105.2,107.6,-0.01107152,-1.25797,0,0.019,-0.001108807,-0.1323206,0,0.038,-0.01269112,-1.539213,0,0.021,-1.539213,3.26,0,13.51,6.929,2253,1828,9.81,0
2026,1,624,105,107.8,-0.01114448,-1.26626,0,0.016,5.781997E-05,0.006900006,0.001,0.081,-0.01198205,-1.453215,0.001,0.079,-1.453215,3.308,0,13.52,6.935,2253,1825,9.82,0
2026,1,625,104.9,107.9,-0.01024449,-1.164001,0,0.04,0.002873841,0.3429528,0.001,0.075,-0.009622914,-1.167093,0,0.057,-1.167093,3.475,0,13.5,6.94,2252,1831,9.82,0
2026,1,626,104.7,108.1,-0.00976093,-1.109058,0,0.012,0.002074084,0.2475129,0.001,0.123,-0.009751898,-1.182736,0.001,0.061,-1.182736,3.434,0,13.52,6.945,2252,1842,9.82,0
2026,1,627,104.5,108.3,-0.01038897,-1.180417,0,0.022,0.0002941648,0.03510446,0,0.015,-0.01115945,-1.353448,0,0.033,-1.353448,3.381,0,13.51,6.951,2252,1857,9.82,0
2026,1,628,104.4,108.4,-0.01086051,-1.233995,0,0.018,-0.0008981455,-0.1071811,0,0.037,-0.01229684,-1.491394,0,0.019,-1.491394,3.313,0,13.49,6.957,2253,1832,9.82,0
2026,1,629,104.2,108.6,-0.01104438,-1.254886,0,0.008,-0.0001220585,-0.01456598,0,0.02,-0.01230689,-1.492612,0,0.014,-1.492612,3.344,0,13.53,6.962,2253,1835,9.82,0
2026,1,630,104.1,108.8,-0.01095043,-1.244211,0,0.009,0.0002336054,0.02787754,0,0.009,-0.01196763,-1.451467,0,0.023,-1.451467,3.333,0,13.5,6.968,2252,1834,9.82,0
2026,1,631,103.9,108.9,-0.01080298,-1.227458,0,0.012,0.0005996118,0.07155529,0,0.015,-0.01136694,-1.378613,0,0.03,-1.378613,3.346,0,13.51,6.973,2252,1830,9.82,0
2026,1,632,103.7,109.1,-0.01044914,-1.187253,0,0.022,0.0006584065,0.07857161,0,0.058,-0.01109775,-1.345965,0,0.042,-1.345965,3.368,0,13.51,6.98,2252,1840,9.82,0
2026,1,633,103.6,109.3,-0.01040677,-1.182439,0,0.02,-0.001105798,-0.1319615,0,0.036,-0.01242047,-1.506388,0,0.032,-1.506388,3.259,0,13.5,6.984,2252,1838,9.82,0
2026,1,634,103.4,109.5,-0.01068232,-1.213748,0,0.007,-0.000517545,-0.06176176,0,0.024,-0.01245458,-1.510525,0,0.016,-1.510525,3.247,0,13.5,6.991,2253,1825,9.82,0
2026,1,635,103.3,109.6,-0.01077164,-1.223897,0,0.01,-0.0009595976,-0.1145146,0,0.059,-0.01285919,-1.559597,0,0.041,-1.559597,3.183,0,13.51,6.995,2252,1831,9.82,0
2026,1,636,103.1,109.8,-0.01073936,-1.22023,0,0.013,-0.001502104,-0.1792551,0,0.031,-0.0130917,-1.587796,0,0.023,-1.587796,3.188,0,13.51,7.001,2252,1857,9.82,0
2026,1,637,102.9,110,-0.0105533,-1.199089,0,0.018,-0.0003975672,-0.04744409,0.001,0.08,-0.0121994,-1.479576,0,0.05,-1.479576,3.215,0,13.52,7.006,2252,1840,9.82,0
2026,1,638,102.8,110.1,-0.01013452,-1.151506,0,0.013,-0.0001616295,-0.01928822,0.001,0.082,-0.01162729,-1.410189,0,0.029,-1.410189,3.266,0,13.51,7.009,2252,1842,9.83,0
2026,1,639,102.6,110.3,-0.01025267,-1.164931,0,0.014,-0.001576962,-0.1881884,0,0.014,-0.01214878,-1.473436,0,0.014,-1.473436,3.219,0,13.5,7.013,2252,1836,9.83,0
2026,1,640,102.5,110.5,-0.01037922,-1.179309,0,0.008,-0.0006338088,-0.07563622,0.001,0.066,-0.01164949,-1.412882,0,0.057,-1.412882,3.237,0,13.5,7.018,2252,1836,9.83,0
